program,project,year_month,covered_percent,covered_lines,total_lines,repo_count,calculated_at,coverage_change,collected_at
CCDI,C3DC; CCDC; CCDI-Hub; MDB; data-centric; datasharing,2026-09-01T04:00:00Z,0.5616,36020,64138,18,2026-09-06T02:21:22Z,0.0009,2026-09-06T02:21:22Z
CCDI,C3DC; CCDC; CCDI-Hub; MDB; data-centric; datasharing,2026-08-01T04:00:00Z,0.5607,35843,63922,18,2026-09-01T03:59:59Z,0.006,2026-09-06T02:21:22Z
CCDI,C3DC; CCDC; CCDI-Hub; MDB; data-centric; datasharing,2026-07-01T04:00:00Z,0.5547,34755,62661,18,2026-08-01T03:59:59Z,0.026,2026-09-06T02:21:22Z
CCDI,C3DC; CCDC; CCDI-Hub; MDB; data-centric; datasharing,2026-06-01T04:00:00Z,0.5287,33731,63800,18,2026-07-01T03:59:59Z,0.0659,2026-09-06T02:21:22Z
CCDI,C3DC; CCDC; CCDI-Hub; MDB; data-centric; datasharing,2026-05-01T04:00:00Z,0.4628,30359,65601,18,2026-06-01T03:59:59Z,0.1403,2026-09-06T02:21:22Z
CCDI,C3DC; CCDC; CCDI-Hub; MDB; data-centric; datasharing,2026-04-01T04:00:00Z,0.3225,22208,68869,18,2026-05-01T03:59:59Z,-0.0065,2026-09-06T02:21:22Z
CCDI,C3DC; CCDC; CCDI-Hub; MDB; data-centric; datasharing,2026-03-01T05:00:00Z,0.329,21504,65364,18,2026-04-01T03:59:59Z,-0.0005,2026-09-06T02:21:22Z
CCDI,C3DC; CCDC; CCDI-Hub; MDB; data-centric; datasharing,2026-02-01T05:00:00Z,0.3295,21356,64805,18,2026-03-01T04:59:59Z,0.0141,2026-09-06T02:21:22Z
CCDI,C3DC; CCDC; CCDI-Hub; MDB; data-centric; datasharing,2026-01-01T05:00:00Z,0.3154,20075,63647,17,2026-01-30T20:49:21Z,,2026-09-06T02:21:22Z
CRDC,CTDC; Data Loader; Data Model Navigator; General Commons; ICDC; PSDC; Submission Portal,2026-09-01T04:00:00Z,0.5272,55331,104961,23,2026-09-06T02:21:17Z,0.0029,2026-09-06T02:21:22Z
CRDC,CTDC; Data Loader; Data Model Navigator; General Commons; ICDC; PSDC; Submission Portal,2026-08-01T04:00:00Z,0.5243,54986,104871,23,2026-09-01T03:59:59Z,0.0071,2026-09-06T02:21:22Z
CRDC,CTDC; Data Loader; Data Model Navigator; General Commons; ICDC; PSDC; Submission Portal,2026-07-01T04:00:00Z,0.5172,54896,106146,23,2026-08-01T03:59:59Z,-0.0087,2026-09-06T02:21:22Z
CRDC,CTDC; Data Loader; Data Model Navigator; General Commons; ICDC; PSDC; Submission Portal,2026-06-01T04:00:00Z,0.5259,54433,103495,23,2026-07-01T03:59:59Z,0.0383,2026-09-06T02:21:22Z
CRDC,CTDC; Data Loader; Data Model Navigator; General Commons; ICDC; PSDC; Submission Portal,2026-05-01T04:00:00Z,0.4876,54111,110964,23,2026-06-01T03:59:59Z,-0.0206,2026-09-06T02:21:22Z
CRDC,CTDC; Data Loader; Data Model Navigator; General Commons; ICDC; PSDC; Submission Portal,2026-04-01T04:00:00Z,0.5082,51402,101151,20,2026-05-01T03:59:59Z,0.0016,2026-09-06T02:21:22Z
CRDC,CTDC; Data Loader; Data Model Navigator; General Commons; ICDC; PSDC; Submission Portal,2026-03-01T05:00:00Z,0.5066,49828,98364,20,2026-04-01T03:59:59Z,0.0438,2026-09-06T02:21:22Z
CRDC,CTDC; Data Loader; Data Model Navigator; General Commons; ICDC; PSDC; Submission Portal,2026-02-01T05:00:00Z,0.4628,45128,97510,20,2026-03-01T04:59:59Z,-0.0249,2026-09-06T02:21:22Z
CRDC,CTDC; Data Loader; Data Model Navigator; General Commons; ICDC; Submission Portal,2026-01-01T05:00:00Z,0.4877,40586,83223,14,2026-01-30T20:26:24Z,,2026-09-06T02:21:22Z
